xPoint,Lmin,AXB,BXC,CXA,
(187. 124),530.2568268591539,118.63244957679689,125.59623417094308,115.77131625226006,
(187. 124),530.2568268591539,118.63244957679689,125.59623417094308,115.77131625226006,
(187. 124),530.2568268591539,118.63244957679689,125.59623417094308,115.77131625226006,
(187. 124),530.2568268591539,118.63244957679689,125.59623417094308,115.77131625226006,
(187. 124),530.2568268591539,118.63244957679689,125.59623417094308,115.77131625226006,
(187. 124),530.2568268591539,118.63244957679689,125.59623417094308,115.77131625226006,
(187. 124),530.2568268591539,118.63244957679689,125.59623417094308,115.77131625226006,
